Continent,ISO_code,Country,WHO_Region,pop_year,age,gender,population,Vaccine,vac_year,Percent_covrage,vac_population,deaths_averted_1000FVP,mid,low,high,vac_deaths_averted,suspension_period,covid_deaths,benefit_risk_ratio
Africa,AGO,Angola,AFR,2020,0,both,1211118,HepB3,2018,84,1017339.12,0.25 (0.03-0.93),0.25,0.03,0.93,254.33478,0.5,132.744522808299,0.957985966649991
Africa,AGO,Angola,AFR,2020,0,both,1211118,Hib3,2018,84,1017339.12,6 (2.8-8.4),6,2.8,8.4,6104.03472,0.5,132.744522808299,22.9916631995998
Africa,AGO,Angola,AFR,2020,0,both,1211118,MCV1,2018,79,956783.22,18 (11-24),18,11,24,17222.09796,0.5,46.7479124136757,184.201786462681
Africa,AGO,Angola,AFR,2020,1,both,1185592,MCV2,2018,35,414957.2,,,,,,0.5,20.274585126006,
Africa,AGO,Angola,AFR,2020,0,both,1211118,PCV3,2018,82,993116.76,5.6 (3.2-8.7),5.6,3.2,8.7,5561.453856,0.5,129.583938931911,21.4588856529598
Africa,AGO,Angola,AFR,2020,0,both,1211118,RCV1,2018,79,956783.22,,,,,,0.5,46.7479124136757,
Africa,AGO,Angola,AFR,2020,0,both,1211118,RotaC,2018,75,908338.5,3.3 (1.7-5),3.3,1.7,5,2997.51705,0.5,83.6954377657859,17.9072905884564
Africa,AGO,Angola,AFR,2020,0,both,1211118,YFV,2018,74,896227.32,0.94 (0.28-2),0.94,0.28,2,842.4536808,0.5,43.7891837798987,9.61942662638445
Africa,BDI,Burundi,AFR,2020,0,both,422833,HepB3,2018,90,380549.7,0.06 (0-0.18),0.06,0,0.18,22.832982,0.5,49.6549157879049,0.229916631995998
Africa,BDI,Burundi,AFR,2020,0,both,422833,Hib3,2018,90,380549.7,5 (1.9-7.7),5,1.9,7.7,1902.7485,0.5,49.6549157879049,19.1597193329998
Africa,BDI,Burundi,AFR,2020,0,both,422833,MCV1,2018,88,372093.04,15 (3-21),15,3,21,5581.3956,0.5,18.1802653726079,153.501488718901
Africa,BDI,Burundi,AFR,2020,1,both,418226,MCV2,2018,77,322034.02,,,,,,0.5,15.7344086377099,
Africa,BDI,Burundi,AFR,2020,0,both,422833,PCV3,2018,90,380549.7,4.5 (2-8.3),4.5,2,8.3,1712.47365,0.5,49.6549157879049,17.2437473996998
Africa,BDI,Burundi,AFR,2020,0,both,422833,RCV1,2018,88,372093.04,,,,,,0.5,18.1802653726079,
Africa,BDI,Burundi,AFR,2020,0,both,422833,RotaC,2018,92,389006.36,1.5 (1.1-1.9),1.5,1.1,1.9,583.50954,0.5,35.8435292502464,8.13967754020748
Africa,BEN,Benin,AFR,2020,0,both,400675,HepB3,2018,82,328553.5,0.29 (0.03-1.1),0.29,0.03,1.1,95.280515,0.5,42.8703435433569,1.11126372131399
Africa,BEN,Benin,AFR,2020,0,both,400675,Hib3,2018,82,328553.5,5.1 (1.9-8.2),5.1,1.9,8.2,1675.62285,0.5,42.8703435433569,19.5429137196598
Africa,BEN,Benin,AFR,2020,0,both,400675,MCV1,2018,74,296499.5,14 (1.9-30),14,1.9,30,4150.993,0.5,14.4868057538662,143.268056137641
Africa,BEN,Benin,AFR,2020,0,both,400675,PCV3,2018,75,300506.25,4.8 (2.1-9.1),4.8,2.1,9.1,1442.43,0.5,39.2106800701436,18.3933305596798
Africa,BEN,Benin,AFR,2020,0,both,400675,YFV,2018,78,312526.5,3 (0.98-6.3),3,0.98,6.3,937.5795,0.5,15.2698763351563,30.7002977437802
Africa,BFA,Burkina Faso,AFR,2020,0,both,730807,HepB3,2018,91,665034.37,0.15 (0.01-0.57),0.15,0.01,0.57,99.7551555,0.5,86.7750668005057,0.574791579989995
Africa,BFA,Burkina Faso,AFR,2020,0,both,730807,Hib3,2018,91,665034.37,2.8 (1.4-3.9),2.8,1.4,3.9,1862.096236,0.5,86.7750668005057,10.7294428264799
Africa,BFA,Burkina Faso,AFR,2020,0,both,730807,MCV1,2018,88,643110.16,15 (-1.5-22),15,1.5,22,9646.6524,0.5,31.4220157749265,153.501488718901
Africa,BFA,Burkina Faso,AFR,2020,1,both,711535,MCV2,2018,50,355767.5,,,,,,0.5,17.3826082878339,
Africa,BFA,Burkina Faso,AFR,2020,0,both,730807,MenA,2018,87,635802.09,0.25 (-0.04-0.59),0.25,0.04,0.59,158.9505225,0.5,31.0649474138478,2.55835814531501
Africa,BFA,Burkina Faso,AFR,2020,0,both,730807,PCV3,2018,91,665034.37,2.6 (1.4-4.1),2.6,1.4,4.1,1729.089362,0.5,86.7750668005057,9.9630540531599
Africa,BFA,Burkina Faso,AFR,2020,0,both,730807,RCV1,2018,88,643110.16,,,,,,0.5,31.4220157749265,
Africa,BFA,Burkina Faso,AFR,2020,0,both,730807,RotaC,2018,91,665034.37,0.97 (0.69-1.4),0.97,0.69,1.4,645.0833389,0.5,61.2770929850971,5.2636581426675
Africa,BFA,Burkina Faso,AFR,2020,0,both,730807,YFV,2018,49,358095.43,3.8 (1.2-8.1),3.8,1.2,8.1,1360.762634,0.5,17.4963496928568,38.8870438087882
Africa,BWA,Botswana,AFR,2020,0,both,53410,HepB3,2018,93,49671.3,,,,,,0.5,6.48121446049166,
Africa,BWA,Botswana,AFR,2020,0,both,53410,Hib3,2018,93,49671.3,,,,,,0.5,6.48121446049166,
Africa,BWA,Botswana,AFR,2020,0,both,53410,MCV1,2018,93,49671.3,,,,,,0.5,2.42691294468292,
Africa,BWA,Botswana,AFR,2020,1,both,54151,MCV2,2018,74,40071.74,,,,,,0.5,1.95788361733976,
Africa,BWA,Botswana,AFR,2020,0,both,53410,PCV3,2018,77,41125.7,,,,,,0.5,5.36616681137481,
Africa,BWA,Botswana,AFR,2020,0,both,53410,RCV1,2018,79,42193.9,,,,,,0.5,2.06157121107474,
Africa,BWA,Botswana,AFR,2020,0,both,53410,RotaC,2018,74,39523.4,,,,,,0.5,3.64173517360793,
Africa,CAF,Central African Republic (the),AFR,2020,0,both,153152,HepB3,2018,74,113332.48,0.34 (0.05-1.2),0.34,0.05,1.2,38.5330432,0.5,14.7878575398546,1.30286091464399
Africa,CAF,Central African Republic (the),AFR,2020,0,both,153152,Hib3,2018,74,113332.48,3.6 (2.2-4.3),3.6,2.2,4.3,407.996928,0.5,14.7878575398546,13.7949979197599
Africa,CAF,Central African Republic (the),AFR,2020,0,both,153152,MCV1,2018,72,110269.44,15 (8.5-20),15,8.5,20,1654.0416,0.5,5.38770540209209,153.501488718901
Africa,CAF,Central African Republic (the),AFR,2020,0,both,153152,MenA,2018,66,101080.32,0.01 (0-0.04),0.01,0,0.04,1.0108032,0.5,4.93872995191775,0.102334325812601
Africa,CAF,Central African Republic (the),AFR,2020,0,both,153152,PCV3,2018,73,111800.96,3.3 (2-4.7),3.3,2,4.7,368.943168,0.5,14.5880216271539,12.6454147597799
Africa,CAF,Central African Republic (the),AFR,2020,0,both,153152,YFV,2018,70,107206.4,2 (0.51-4.3),2,0.51,4.3,214.4128,0.5,5.23804691870064,20.4668651625201
Africa,CIV,Côte d'Ivoire,AFR,2020,0,both,870441,HepB3,2018,94,818214.54,0.45 (0.01-1.8),0.45,0.01,1.8,368.196543,0.5,106.762333750728,1.72437473996998
Africa,CIV,Côte d'Ivoire,AFR,2020,0,both,870441,Hib3,2018,94,818214.54,1.9 (1.1-2.5),1.9,1.1,2.5,1554.607626,0.5,106.762333750728,7.28069334653993
Africa,CIV,Côte d'Ivoire,AFR,2020,0,both,870441,MCV1,2018,90,783396.9,13 (7-19),13,7,19,10184.1597,0.5,38.2763502753999,133.034623556381
Africa,CIV,Côte d'Ivoire,AFR,2020,0,both,870441,MenA,2018,28,243723.48,0.02 (0-0.08),0.02,0,0.08,4.8744696,0.5,11.9081978634578,0.204668651625201
Africa,CIV,Côte d'Ivoire,AFR,2020,0,both,870441,PCV3,2018,94,818214.54,1.9 (1.1-2.8),1.9,1.1,2.8,1554.607626,0.5,106.762333750728,7.28069334653993
Africa,CIV,Côte d'Ivoire,AFR,2020,0,both,870441,RCV1,2018,90,783396.9,,,,,,0.5,38.2763502753999,
Africa,CIV,Côte d'Ivoire,AFR,2020,0,both,870441,RotaC,2018,72,626717.52,0.85 (0.51-1.3),0.85,0.51,1.3,532.709892,0.5,57.7465308273157,4.6124839394509
Africa,CIV,Côte d'Ivoire,AFR,2020,0,both,870441,YFV,2018,88,765988.08,12 (4.3-26),12,4.3,26,9191.85696,0.5,37.4257647137244,122.801190975121
Africa,CMR,Cameroon,AFR,2020,0,both,853762,HepB3,2018,79,674471.98,0.1 (0.01-0.33),0.1,0.01,0.33,67.447198,0.5,88.0065057683701,0.383194386659996
Africa,CMR,Cameroon,AFR,2020,0,both,853762,Hib3,2018,79,674471.98,3.5 (1.6-5),3.5,1.6,5,2360.65193,0.5,88.0065057683701,13.4118035330999
Africa,CMR,Cameroon,AFR,2020,0,both,853762,MCV1,2018,71,606171.02,11 (5.2-15),11,5.2,15,6667.88122,0.5,29.6171893050847,112.567758393861
Africa,CMR,Cameroon,AFR,2020,0,both,853762,PCV3,2018,79,674471.98,3.3 (1.8-5.6),3.3,1.8,5.6,2225.757534,0.5,88.0065057683701,12.6454147597799
Africa,CMR,Cameroon,AFR,2020,0,both,853762,RCV1,2018,71,606171.02,,,,,,0.5,29.6171893050847,
Africa,CMR,Cameroon,AFR,2020,0,both,853762,RotaC,2018,78,665934.36,1.4 (0.98-1.8),1.4,0.98,1.8,932.308104,0.5,61.3600191817021,7.59703237086031
Africa,CMR,Cameroon,AFR,2020,0,both,853762,YFV,2018,74,631783.88,2.1 (0.65-4.7),2.1,0.65,4.7,1326.746148,0.5,30.8686198391023,21.4902084206461
Africa,COD,Democratic Republic of the Congo (the),AFR,2020,0,both,3339168,HepB3,2018,94,3138817.92,0.09 (0.02-0.2),0.09,0.02,0.2,282.4936128,0.5,409.55948589939,0.344874947993997
Africa,COD,Democratic Republic of the Congo (the),AFR,2020,0,both,3339168,Hib3,2018,94,3138817.92,3.5 (2-4.6),3.5,2,4.6,10985.86272,0.5,409.55948589939,13.4118035330999
Africa,COD,Democratic Republic of the Congo (the),AFR,2020,0,both,3339168,MCV1,2018,92,3072034.56,14 (9.5-17),14,9.5,17,43008.48384,0.5,150.097952744891,143.268056137641
Africa,COD,Democratic Republic of the Congo (the),AFR,2020,0,both,3339168,PCV3,2018,94,3138817.92,3.2 (1.8-5),3.2,1.8,5,10044.217344,0.5,409.55948589939,12.2622203731199
Africa,COD,Democratic Republic of the Congo (the),AFR,2020,0,both,3339168,YFV,2018,92,3072034.56,1.1 (0.26-2.9),1.1,0.26,2.9,3379.238016,0.5,150.097952744891,11.2567758393861
Africa,COG,Congo (the),AFR,2020,0,both,166656,HepB3,2018,83,138324.48,0.21 (0.03-0.71),0.21,0.03,0.71,29.0481408,0.5,18.0488656430572,0.804708211985992
Africa,COG,Congo (the),AFR,2020,0,both,166656,Hib3,2018,83,138324.48,2.1 (0.62-3.4),2.1,0.62,3.4,290.481408,0.5,18.0488656430572,8.04708211985992
Africa,COG,Congo (the),AFR,2020,0,both,166656,MCV1,2018,83,138324.48,25 (16-36),25,16,36,3458.112,0.5,6.75845953455082,255.835814531501
Africa,COG,Congo (the),AFR,2020,0,both,166656,MenA,2018,83,138324.48,,,,,,0.5,6.75845953455082,
Africa,COG,Congo (the),AFR,2020,0,both,166656,PCV3,2018,83,138324.48,1.9 (0.69-3.8),1.9,0.69,3.8,262.816512,0.5,18.0488656430572,7.28069334653993
Africa,COG,Congo (the),AFR,2020,0,both,166656,RotaC,2018,83,138324.48,0.77 (0.37-1.4),0.77,0.37,1.4,106.5098496,0.5,12.7453894196103,4.17836780397317
Africa,COG,Congo (the),AFR,2020,0,both,166656,YFV,2018,83,138324.48,1.7 (0.44-3.9),1.7,0.44,3.9,235.151616,0.5,6.75845953455082,17.3968353881421
Africa,COM,Comoros (the),AFR,2020,0,both,25189,HepB3,2018,91,22921.99,0.13 (0.03-0.42),0.13,0.03,0.42,2.9798587,0.5,2.99090889610792,0.498152702657995
Africa,COM,Comoros (the),AFR,2020,0,both,25189,Hib3,2018,91,22921.99,3.3 (0.95-5.6),3.3,0.95,5.6,75.642567,0.5,2.99090889610792,12.6454147597799
Africa,COM,Comoros (the),AFR,2020,0,both,25189,MCV1,2018,90,22670.1,16 (9.1-22),16,9.1,22,362.7216,0.5,1.10764886659412,163.734921300161
Africa,CPV,Cabo Verde,AFR,2020,0,both,10022,HepB3,2018,98,9821.56,0.21 (0.04-0.75),0.21,0.04,0.75,2.0625276,0.5,1.28153756186342,0.804708211985992
Africa,CPV,Cabo Verde,AFR,2020,0,both,10022,Hib3,2018,98,9821.56,0.81 (0.27-1.4),0.81,0.27,1.4,7.9554636,0.5,1.28153756186342,3.10387453194597
Africa,CPV,Cabo Verde,AFR,2020,0,both,10022,MCV1,2018,99,9921.78,9.6 (5.9-16),9.6,5.9,16,95.249088,0.5,0.484772822863427,98.2409527800965
Africa,CPV,Cabo Verde,AFR,2020,1,both,10259,MCV2,2018,88,9027.92,,,,,,0.5,0.441099305062719,
Africa,CPV,Cabo Verde,AFR,2020,0,both,10022,RCV1,2018,99,9921.78,,,,,,0.5,0.484772822863427,
Africa,DJI,Djibouti,EMR,2020,0,both,18870,HepB3,2018,84,15850.8,0.07 (0.03-0.15),0.07,0.03,0.15,1.109556,0.5,2.06824532819478,0.268236070661997
Africa,DJI,Djibouti,EMR,2020,0,both,18870,Hib3,2018,84,15850.8,2.4 (1-3.7),2.4,1,3.7,38.04192,0.5,2.06824532819478,9.19666527983991
Africa,DJI,Djibouti,EMR,2020,0,both,18870,MCV1,2018,86,16228.2,8.8 (6-13),8.8,6,13,142.80816,0.5,0.792901104841295,90.0542067150885
Africa,DJI,Djibouti,EMR,2020,1,both,19591,MCV2,2018,81,15868.71,,,,,,0.5,0.775336617209925,
Africa,DJI,Djibouti,EMR,2020,0,both,18870,PCV3,2018,84,15850.8,2.3 (1.1-3.7),2.3,1.1,3.7,36.45684,0.5,2.06824532819478,8.81347089317992
Africa,DJI,Djibouti,EMR,2020,0,both,18870,RotaC,2018,87,16416.9,1.2 (0.39-2.4),1.2,0.39,2.4,19.70028,0.5,1.51267355975457,6.51174203216598
Africa,DZA,Algeria,AFR,2020,0,both,1010613,HepB3,2018,95,960082.35,,,,,,0.5,125.273540456618,
Africa,DZA,Algeria,AFR,2020,0,both,1010613,Hib3,2018,95,960082.35,,,,,,0.5,125.273540456618,
Africa,DZA,Algeria,AFR,2020,0,both,1010613,MCV1,2018,80,808490.4,,,,,,0.5,39.5024051597577,
Africa,DZA,Algeria,AFR,2020,1,both,1015481,MCV2,2018,77,781920.37,,,,,,0.5,38.2042078154641,
Africa,DZA,Algeria,AFR,2020,0,both,1010613,PCV3,2018,95,960082.35,,,,,,0.5,125.273540456618,
Africa,DZA,Algeria,AFR,2020,0,both,1010613,RCV1,2018,80,808490.4,,,,,,0.5,39.5024051597577,
Africa,EGY,Egypt,EMR,2020,0,both,2326674,HepB3,2018,95,2210340.3,0.04 (0.03-0.04),0.04,0.03,0.04,88.413612,0.5,288.409796300227,0.153277754663999
Africa,EGY,Egypt,EMR,2020,0,both,2326674,Hib3,2018,95,2210340.3,0.91 (0.28-1.5),0.91,0.28,1.5,2011.409673,0.5,288.409796300227,3.48706891860597
Africa,EGY,Egypt,EMR,2020,0,both,2326674,MCV1,2018,94,2187073.56,1.9 (-0.05-3.1),1.9,0.05,3.1,4155.439764,0.5,106.859235287536,19.4435219043941
Africa,EGY,Egypt,EMR,2020,1,both,2486022,MCV2,2018,94,2336860.68,,,,,,0.5,114.177753234011,
Africa,ERI,Eritrea,AFR,2020,0,both,106922,HepB3,2018,95,101575.9,0.11 (0.05-0.21),0.11,0.05,0.21,11.173349,0.5,13.2538345466588,0.421513825325996
Africa,ERI,Eritrea,AFR,2020,0,both,106922,Hib3,2018,95,101575.9,1.8 (0.66-2.8),1.8,0.66,2.8,182.83662,0.5,13.2538345466588,6.89749895987993
Africa,ERI,Eritrea,AFR,2020,0,both,106922,MCV1,2018,93,99437.46,18 (6.9-26),18,6.9,26,1789.87428,0.5,4.85846069783538,184.201786462681
Africa,ERI,Eritrea,AFR,2020,1,both,101411,MCV2,2018,85,86199.35,,,,,,0.5,4.21165377870629,
Africa,ERI,Eritrea,AFR,2020,0,both,106922,PCV3,2018,95,101575.9,1.7 (0.73-3),1.7,0.73,3,172.67903,0.5,13.2538345466588,6.51430457321994
Africa,ERI,Eritrea,AFR,2020,0,both,106922,RCV1,2018,93,99437.46,,,,,,0.5,4.85846069783538,
Africa,ERI,Eritrea,AFR,2020,0,both,106922,RotaC,2018,96,102645.12,0.62 (0.26-1.2),0.62,0.26,1.2,63.6399744,0.5,9.45784886682842,3.36440004995242
Africa,ETH,Ethiopia,AFR,2020,0,both,3477059,HepB3,2018,95,3303206.05,0.11 (0.01-0.44),0.11,0.01,0.44,363.3526655,0.5,431.009190764959,0.421513825325996
Africa,ETH,Ethiopia,AFR,2020,0,both,3477059,Hib3,2018,95,3303206.05,3.2 (0.67-5.7),3.2,0.67,5.7,10570.25936,0.5,431.009190764959,12.2622203731199
Africa,ETH,Ethiopia,AFR,2020,14,female,1334518,HPVfem,2018,95,1267792.1,,,,,,0.5,116.815938997967,
Africa,ETH,Ethiopia,AFR,2020,0,both,3477059,MCV1,2018,88,3059811.92,13 (7.1-18),13,7.1,18,39777.55496,0.5,149.500761142614,133.034623556381
Africa,ETH,Ethiopia,AFR,2020,0,both,3477059,PCV3,2018,94,3268435.46,2.8 (0.8-6),2.8,0.8,6,9151.619288,0.5,426.472251914802,10.7294428264799
Africa,ETH,Ethiopia,AFR,2020,0,both,3477059,RotaC,2018,93,3233664.87,0.61 (0.32-0.91),0.61,0.32,0.91,1972.5355707,0.5,297.953898114517,3.31013553301771
Africa,GAB,Gabon,AFR,2020,0,both,66081,HepB3,2018,70,46256.7,,,,,,0.5,6.03567035561027,
Africa,GAB,Gabon,AFR,2020,0,both,66081,Hib3,2018,70,46256.7,,,,,,0.5,6.03567035561027,
Africa,GAB,Gabon,AFR,2020,0,both,66081,MCV1,2018,59,38987.79,,,,,,0.5,1.90492240459942,
Africa,GAB,Gabon,AFR,2020,0,both,66081,YFV,2018,59,38987.79,,,,,,0.5,1.90492240459942,
Africa,GHA,Ghana,AFR,2020,0,both,843756,HepB3,2018,97,818443.32,0.16 (0.02-0.55),0.16,0.02,0.55,130.9509312,0.5,106.792185440623,0.613111018655994
Africa,GHA,Ghana,AFR,2020,0,both,843756,Hib3,2018,97,818443.32,1.2 (0.83-1.4),1.2,0.83,1.4,982.131984,0.5,106.792185440623,4.59833263991996
Africa,GHA,Ghana,AFR,2020,0,both,843756,MCV1,2018,92,776255.52,21 (9.9-28),21,9.9,28,16301.36592,0.5,37.9274262978737,214.902084206461
Africa,GHA,Ghana,AFR,2020,1,both,841542,MCV2,2018,83,698479.86,,,,,,0.5,34.127349472116,
Africa,GHA,Ghana,AFR,2020,0,both,843756,MenA,2018,83,700317.48,0.03 (0-0.12),0.03,0,0.12,21.0095244,0.5,34.2171345948208,0.307002977437802
Africa,GHA,Ghana,AFR,2020,0,both,843756,PCV3,2018,96,810005.76,1.3 (0.71-1.9),1.3,0.71,1.9,1053.007488,0.5,105.691235075255,4.98152702657995
Africa,GHA,Ghana,AFR,2020,0,both,843756,RCV1,2018,92,776255.52,,,,,,0.5,37.9274262978737,
Africa,GHA,Ghana,AFR,2020,0,both,843756,RotaC,2018,94,793130.64,0.48 (0.27-0.78),0.48,0.27,0.78,380.7027072,0.5,73.0800424294004,2.60469681286639
Africa,GHA,Ghana,AFR,2020,0,both,843756,YFV,2018,91,767817.96,3 (0.91-6.7),3,0.91,6.7,2303.45388,0.5,37.5151716642012,30.7002977437802
Africa,GIN,Guinea,AFR,2020,0,both,443398,HepB3,2018,75,332548.5,0.31 (0.04-1.2),0.31,0.04,1.2,103.090035,0.5,43.3916194465377,1.18790259864599
Africa,GIN,Guinea,AFR,2020,0,both,443398,Hib3,2018,75,332548.5,3.3 (1.1-5.4),3.3,1.1,5.4,1097.41005,0.5,43.3916194465377,12.6454147597799
Africa,GIN,Guinea,AFR,2020,0,both,443398,MCV1,2018,75,332548.5,19 (6.1-27),19,6.1,27,6318.4215,0.5,16.2481404631022,194.435219043941
Africa,GIN,Guinea,AFR,2020,0,both,443398,YFV,2018,75,332548.5,15 (4.7-29),15,4.7,29,4988.2275,0.5,16.2481404631022,153.501488718901
Africa,GMB,Gambia,AFR,2020,0,both,86397,HepB3,2018,93,80349.21,0.18 (0.01-0.68),0.18,0.01,0.68,14.4628578,0.5,10.4841319180509,0.689749895987993
Africa,GMB,Gambia,AFR,2020,0,both,86397,Hib3,2018,93,80349.21,2.7 (1.1-4),2.7,1.1,4,216.942867,0.5,10.4841319180509,10.3462484398199
Africa,GMB,Gambia,AFR,2020,0,both,86397,MCV1,2018,91,78621.27,20 (6.6-27),20,6.6,27,1572.4254,0.5,3.84139287456562,204.668651625201
Africa,GMB,Gambia,AFR,2020,1,both,84176,MCV2,2018,71,59764.96,,,,,,0.5,2.92008373170135,
Africa,GMB,Gambia,AFR,2020,0,both,86397,PCV3,2018,93,80349.21,2.9 (1.3-5.2),2.9,1.3,5.2,233.012709,0.5,10.4841319180509,11.1126372131399
Africa,GMB,Gambia,AFR,2020,0,both,86397,RCV1,2018,91,78621.27,,,,,,0.5,3.84139287456562,
Africa,GMB,Gambia,AFR,2020,0,both,86397,RotaC,2018,93,80349.21,1 (0.56-1.3),1,0.56,1.3,80.34921,0.5,7.40347602252361,5.42645169347165
Africa,GMB,Gambia,AFR,2020,0,both,86397,YFV,2018,91,78621.27,9 (3-19),9,3,19,707.59143,0.5,3.84139287456562,92.1008932313405
Africa,GNB,Guinea-Bissau,AFR,2020,0,both,62751,HepB3,2018,82,51455.82,0.43 (0.03-1.7),0.43,0.03,1.7,22.1260026,0.5,6.71406233902587,1.64773586263798
Africa,GNB,Guinea-Bissau,AFR,2020,0,both,62751,Hib3,2018,82,51455.82,2.7 (1.3-3.9),2.7,1.3,3.9,138.930714,0.5,6.71406233902587,10.3462484398199
Africa,GNB,Guinea-Bissau,AFR,2020,0,both,62751,MCV1,2018,79,49573.29,23 (9.5-32),23,9.5,32,1140.18567,0.5,2.42212422891127,235.368949368981
Africa,GNB,Guinea-Bissau,AFR,2020,0,both,62751,PCV3,2018,82,51455.82,2.7 (1.5-4.3),2.7,1.5,4.3,138.930714,0.5,6.71406233902587,10.3462484398199
Africa,GNB,Guinea-Bissau,AFR,2020,0,both,62751,RotaC,2018,85,53338.35,1 (0.71-1.4),1,0.71,1.4,53.33835,0.5,4.91466182811221,5.42645169347165
Africa,GNB,Guinea-Bissau,AFR,2020,0,both,62751,YFV,2018,80,50200.8,6.4 (2-13),6.4,2,13,321.28512,0.5,2.45278402927724,65.4939685200644
Africa,GNQ,Equatorial Guinea,AFR,2020,0,both,41997,HepB3,2018,46,19318.62,,,,,,0.5,2.52073368928825,
Africa,GNQ,Equatorial Guinea,AFR,2020,0,both,41997,Hib3,2018,46,19318.62,,,,,,0.5,2.52073368928825,
Africa,GNQ,Equatorial Guinea,AFR,2020,0,both,41997,MCV1,2018,39,16378.83,,,,,,0.5,0.80026080545025,
Africa,GNQ,Equatorial Guinea,AFR,2020,0,both,41997,YFV,2018,39,16378.83,,,,,,0.5,0.80026080545025,
Africa,KEN,Kenya,AFR,2020,0,both,1418463,HepB3,2018,81,1148955.03,0.03 (0-0.07),0.03,0,0.07,34.4686509,0.5,149.91804029471,0.114958315997999
Africa,KEN,Kenya,AFR,2020,0,both,1418463,Hib3,2018,81,1148955.03,1.8 (0.77-2.7),1.8,0.77,2.7,2068.119054,0.5,149.91804029471,6.89749895987993
Africa,KEN,Kenya,AFR,2020,0,both,1418463,MCV1,2018,79,1120585.77,12 (6.2-17),12,6.2,17,13447.02924,0.5,54.7512167154973,122.801190975121
Africa,KEN,Kenya,AFR,2020,1,both,1411999,MCV2,2018,45,635399.55,,,,,,0.5,31.0452795264208,
Africa,KEN,Kenya,AFR,2020,0,both,1418463,PCV3,2018,81,1148955.03,1.8 (0.9-3),1.8,0.9,3,2068.119054,0.5,149.91804029471,6.89749895987993
Africa,KEN,Kenya,AFR,2020,0,both,1418463,RCV1,2018,79,1120585.77,,,,,,0.5,54.7512167154973,
Africa,KEN,Kenya,AFR,2020,0,both,1418463,RotaC,2018,78,1106401.14,0.6 (0.41-0.82),0.6,0.41,0.82,663.840684,0.5,101.945175457018,3.25587101608299
Africa,KEN,Kenya,AFR,2020,0,both,1418463,YFV,2018,47,666677.61,0.07 (0.01-0.16),0.07,0.01,0.16,46.6674327,0.5,32.5735086788402,0.716340280688204
Africa,LBR,Liberia,AFR,2020,0,both,154171,HepB3,2018,97,149545.87,0.38 (0.04-1.5),0.38,0.04,1.5,56.8274306,0.5,19.5130559327178,1.45613866930799
Africa,LBR,Liberia,AFR,2020,0,both,154171,Hib3,2018,97,149545.87,2.7 (1-4.1),2.7,1,4.1,403.773849,0.5,19.5130559327178,10.3462484398199
Africa,LBR,Liberia,AFR,2020,0,both,154171,MCV1,2018,91,140295.61,20 (2.3-27),20,2.3,27,2805.9122,0.5,6.85476788389245,204.668651625201
Africa,LBR,Liberia,AFR,2020,0,both,154171,PCV3,2018,97,149545.87,2.4 (1.1-4.3),2.4,1.1,4.3,358.910088,0.5,19.5130559327178,9.19666527983991
Africa,LBR,Liberia,AFR,2020,0,both,154171,RotaC,2018,87,134128.77,0.92 (0.54-1.4),0.92,0.54,1.4,123.3984684,0.5,12.3587914881252,4.99233555799392
Africa,LBR,Liberia,AFR,2020,0,both,154171,YFV,2018,84,129503.64,12 (4.4-26),12,4.4,26,1554.04368,0.5,6.32747804666995,122.801190975121
Africa,LBY,Libya,EMR,2020,0,both,116486,HepB3,2018,97,112991.42,,,,,,0.5,14.7433553221979,
Africa,LBY,Libya,EMR,2020,0,both,116486,Hib3,2018,97,112991.42,,,,,,0.5,14.7433553221979,
Africa,LBY,Libya,EMR,2020,0,both,116486,MCV1,2018,97,112991.42,,,,,,0.5,5.52069987771822,
Africa,LBY,Libya,EMR,2020,1,both,121693,MCV2,2018,96,116825.28,,,,,,0.5,5.70802021083014,
Africa,LBY,Libya,EMR,2020,0,both,116486,PCV3,2018,96,111826.56,,,,,,0.5,14.5913619683608,
Africa,LBY,Libya,EMR,2020,0,both,116486,RCV1,2018,97,112991.42,,,,,,0.5,5.52069987771822,
Africa,LBY,Libya,EMR,2020,0,both,116486,RotaC,2018,97,112991.42,,,,,,0.5,10.4111698014317,
Africa,LSO,Lesotho,AFR,2020,0,both,53563,HepB3,2018,83,44457.29,0.18 (0.04-0.57),0.18,0.04,0.57,8.0023122,0.5,5.80087959892878,0.689749895987994
Africa,LSO,Lesotho,AFR,2020,0,both,53563,Hib3,2018,83,44457.29,2.1 (1.6-2.6),2.1,1.6,2.6,93.360309,0.5,5.80087959892878,8.04708211985992
Africa,LSO,Lesotho,AFR,2020,0,both,53563,MCV1,2018,61,32673.43,18 (8.9-26),18,8.9,26,588.12174,0.5,1.59640617850129,184.201786462681
Africa,LSO,Lesotho,AFR,2020,1,both,52044,MCV2,2018,47,24460.68,,,,,,0.5,1.19513564025396,
Africa,LSO,Lesotho,AFR,2020,0,both,53563,PCV3,2018,83,44457.29,2 (1.1-2.9),2,1.1,2.9,88.91458,0.5,5.80087959892878,7.66388773319993
Africa,LSO,Lesotho,AFR,2020,0,both,53563,RCV1,2018,61,32673.43,,,,,,0.5,1.59640617850129,
Africa,LSO,Lesotho,AFR,2020,0,both,53563,RotaC,2018,70,37494.1,0.73 (0.3-1.3),0.73,0.3,1.3,27.370693,0.5,3.45475295072724,3.9613097362343
Africa,MAR,Morocco,EMR,2020,0,both,619189,HepB3,2018,99,612997.11,0.03 (0-0.07),0.03,0,0.07,18.3899133,0.5,79.9851369618189,0.114958315997999
Africa,MAR,Morocco,EMR,2020,0,both,619189,Hib3,2018,99,612997.11,0.77 (0.24-1.3),0.77,0.24,1.3,472.0077747,0.5,79.9851369618189,2.95059677728197
Africa,MAR,Morocco,EMR,2020,0,both,619189,MCV1,2018,99,612997.11,2.4 (0.44-5.9),2.4,0.44,5.9,1471.193064,0.5,29.9507083831553,24.5602381950241
Africa,MAR,Morocco,EMR,2020,1,both,650109,MCV2,2018,99,643607.91,,,,,,0.5,31.4463355716344,
Africa,MAR,Morocco,EMR,2020,0,both,619189,PCV3,2018,99,612997.11,0.71 (0.28-1.3),0.71,0.28,1.3,435.2279481,0.5,79.9851369618189,2.72068014528597
Africa,MAR,Morocco,EMR,2020,0,both,619189,RCV1,2018,99,612997.11,,,,,,0.5,29.9507083831553,
Africa,MAR,Morocco,EMR,2020,0,both,619189,RotaC,2018,99,612997.11,0.28 (0.14-0.51),0.28,0.14,0.51,171.6391908,0.5,56.4823152058529,1.51940647417206
Africa,MDG,Madagascar,AFR,2020,0,both,869091,HepB3,2018,91,790872.81,0.19 (0.01-0.68),0.19,0.01,0.68,150.2658339,0.5,103.194727993462,0.728069334653993
Africa,MDG,Madagascar,AFR,2020,0,both,869091,Hib3,2018,91,790872.81,3.1 (0.73-5.5),3.1,0.73,5.5,2451.705711,0.5,103.194727993462,11.8790259864599
Africa,MDG,Madagascar,AFR,2020,0,both,869091,MCV1,2018,85,738727.35,12 (6.5-15),12,6.5,15,8864.7282,0.5,36.0938201397248,122.801190975121
Africa,MDG,Madagascar,AFR,2020,0,both,869091,PCV3,2018,91,790872.81,2.8 (0.81-6),2.8,0.81,6,2214.443868,0.5,103.194727993462,10.7294428264799
Africa,MDG,Madagascar,AFR,2020,0,both,869091,RotaC,2018,89,773490.99,0.86 (0.45-1.3),0.86,0.45,1.3,665.2022514,0.5,71.2704206812121,4.66674845638562
Africa,MLI,Mali,AFR,2020,0,both,765437,HepB3,2018,72,551114.64,0.35 (0.01-1.4),0.35,0.01,1.4,192.890124,0.5,71.9105836601147,1.34118035330999
Africa,MLI,Mali,AFR,2020,0,both,765437,Hib3,2018,72,551114.64,3.8 (1.5-5.9),3.8,1.5,5.9,2094.235632,0.5,71.9105836601147,14.5613866930799
Africa,MLI,Mali,AFR,2020,12,female,272758,HPVfem,2018,99,270030.42,,,,,,0.5,24.8809383417955,
Africa,MLI,Mali,AFR,2020,0,both,765437,MCV1,2018,72,551114.64,18 (6.5-26),18,6.5,26,9920.06352,0.5,26.9271642542126,184.201786462681
Africa,MLI,Mali,AFR,2020,0,both,765437,MenA,2018,70,535805.9,0.21 (0-0.57),0.21,0,0.57,112.519239,0.5,26.1791874693733,2.14902084206461
Africa,MLI,Mali,AFR,2020,0,both,765437,PCV3,2018,63,482225.31,3.6 (1.6-6.5),3.6,1.6,6.5,1736.011116,0.5,62.9217607026004,13.7949979197599
Africa,MLI,Mali,AFR,2020,0,both,765437,RotaC,2018,60,459262.2,1.4 (0.87-1.9),1.4,0.87,1.9,642.96708,0.5,42.3169896225668,7.59703237086031
Africa,MLI,Mali,AFR,2020,0,both,765437,YFV,2018,68,520497.16,4.1 (1.1-9.8),4.1,1.1,9.8,2134.038356,0.5,25.4312106845341,41.9570735831662
Africa,MOZ,Mozambique,AFR,2020,0,both,1086394,HepB3,2018,90,977754.6,0.17 (0.01-0.67),0.17,0.01,0.67,166.218282,0.5,127.579452366502,0.651430457321994
Africa,MOZ,Mozambique,AFR,2020,0,both,1086394,Hib3,2018,90,977754.6,3.3 (1.2-5.2),3.3,1.2,5.2,3226.59018,0.5,127.579452366502,12.6454147597799
Africa,MOZ,Mozambique,AFR,2020,0,both,1086394,MCV1,2018,95,1032074.3,14 (4.5-20),14,4.5,20,14449.0402,0.5,50.4265939998463,143.268056137641
Africa,MOZ,Mozambique,AFR,2020,1,both,1057319,MCV2,2018,76,803562.44,,,,,,0.5,39.2616276903764,
Africa,MOZ,Mozambique,AFR,2020,0,both,1086394,PCV3,2018,90,977754.6,3 (1.2-5.5),3,1.2,5.5,2933.2638,0.5,127.579452366502,11.4958315997999
Africa,MOZ,Mozambique,AFR,2020,0,both,1086394,RCV1,2018,99,1075530.06,,,,,,0.5,52.5498190103662,
Africa,MOZ,Mozambique,AFR,2020,0,both,1086394,RotaC,2018,90,977754.6,0.95 (0.57-1.3),0.95,0.57,1.3,928.86687,0.5,90.0915234513465,5.15512910879807
Africa,MRT,Mauritania,AFR,2020,0,both,142575,HepB3,2018,90,128317.5,0.4 (0.04-1.6),0.4,0.04,1.6,51.327,0.5,16.7431340942182,1.53277754663999
Africa,MRT,Mauritania,AFR,2020,0,both,142575,Hib3,2018,90,128317.5,3.2 (1.6-4.4),3.2,1.6,4.4,410.616,0.5,16.7431340942182,12.2622203731199
Africa,MRT,Mauritania,AFR,2020,0,both,142575,MCV1,2018,86,122614.5,18 (2.7-26),18,2.7,26,2207.061,0.5,5.99087837958387,184.201786462681
Africa,MRT,Mauritania,AFR,2020,0,both,142575,PCV3,2018,88,125466,3 (1.6-4.9),3,1.6,4.9,376.398,0.5,16.37106444768,11.4958315997999
Africa,MRT,Mauritania,AFR,2020,0,both,142575,RCV1,2018,86,122614.5,,,,,,0.5,5.99087837958387,
Africa,MRT,Mauritania,AFR,2020,0,both,142575,RotaC,2018,89,126891.75,1.2 (0.76-1.6),1.2,0.76,1.6,152.2701,0.5,11.6919634751986,6.51174203216598
Africa,MUS,Mauritius,AFR,2020,0,both,12917,HepB3,2018,97,12529.49,,,,,,0.5,1.63487389640669,
Africa,MUS,Mauritius,AFR,2020,0,both,12917,Hib3,2018,97,12529.49,,,,,,0.5,1.63487389640669,
Africa,MUS,Mauritius,AFR,2020,12,female,7859,HPVfem,2018,70,5501.3,,,,,,0.5,0.506896615943195,
Africa,MUS,Mauritius,AFR,2020,0,both,12917,MCV1,2018,99,12787.83,,,,,,0.5,0.624806481034413,
Africa,MUS,Mauritius,AFR,2020,1,both,12766,MCV2,2018,99,12638.34,,,,,,0.5,0.617502480210986,
Africa,MUS,Mauritius,AFR,2020,0,both,12917,PCV3,2018,96,12400.32,,,,,,0.5,1.61801952634064,
Africa,MUS,Mauritius,AFR,2020,0,both,12917,RCV1,2018,99,12787.83,,,,,,0.5,0.624806481034413,
Africa,MUS,Mauritius,AFR,2020,0,both,12917,RotaC,2018,95,12271.15,,,,,,0.5,1.13067900473185,
Africa,MWI,Malawi,AFR,2020,0,both,607342,HepB3,2018,92,558754.64,0.04 (0-0.1),0.04,0,0.1,22.3501856,0.5,72.9074667390387,0.153277754663999
Africa,MWI,Malawi,AFR,2020,0,both,607342,Hib3,2018,92,558754.64,2.4 (1.2-3.2),2.4,1.2,3.2,1341.011136,0.5,72.9074667390387,9.19666527983991
Africa,MWI,Malawi,AFR,2020,0,both,607342,MCV1,2018,87,528387.54,7.3 (0.93-12),7.3,0.93,12,3857.229042,0.5,25.816730398342,74.7040578431984
Africa,MWI,Malawi,AFR,2020,1,both,594082,MCV2,2018,72,427739.04,,,,,,0.5,20.8990989388691,
Africa,MWI,Malawi,AFR,2020,0,both,607342,PCV3,2018,92,558754.64,2.3 (1.3-3.4),2.3,1.3,3.4,1285.135672,0.5,72.9074667390387,8.81347089317992
Africa,MWI,Malawi,AFR,2020,0,both,607342,RCV1,2018,87,528387.54,,,,,,0.5,25.816730398342,
Africa,MWI,Malawi,AFR,2020,0,both,607342,RotaC,2018,90,546607.8,0.86 (0.56-1.2),0.86,0.56,1.2,470.082708,0.5,50.3651217108965,4.66674845638562
Africa,NAM,Namibia,AFR,2020,0,both,67051,HepB3,2018,92,61686.92,,,,,,0.5,8.04903753127444,
Africa,NAM,Namibia,AFR,2020,0,both,67051,Hib3,2018,92,61686.92,,,,,,0.5,8.04903753127444,
Africa,NAM,Namibia,AFR,2020,0,both,67051,MCV1,2018,86,57663.86,,,,,,0.5,2.81742511821482,
Africa,NAM,Namibia,AFR,2020,1,both,67458,MCV2,2018,32,21586.56,,,,,,0.5,1.05470768623279,
Africa,NAM,Namibia,AFR,2020,0,both,67051,PCV3,2018,81,54311.31,,,,,,0.5,7.08665260905684,
Africa,NAM,Namibia,AFR,2020,0,both,67051,RCV1,2018,82,54981.82,,,,,,0.5,2.68638208946064,
Africa,NAM,Namibia,AFR,2020,0,both,67051,RotaC,2018,92,61686.92,,,,,,0.5,5.68390943885238,
Africa,NER,Niger (the),AFR,2020,0,both,1029522,HepB3,2018,79,813322.38,0.33 (0.03-1.3),0.33,0.03,1.3,268.3963854,0.5,106.123994546096,1.26454147597799
Africa,NER,Niger (the),AFR,2020,0,both,1029522,Hib3,2018,89,916274.58,6.5 (2-11),6.5,2,11,5955.78477,0.5,119.557411577247,24.9076351328998
Africa,NER,Niger (the),AFR,2020,0,both,1029522,MCV1,2018,77,792731.94,18 (8.6-23),18,8.6,23,14269.17492,0.5,38.732455298122,184.201786462681
Africa,NER,Niger (the),AFR,2020,1,both,992274,MCV2,2018,48,476291.52,,,,,,0.5,23.2713469414069,
Africa,NER,Niger (the),AFR,2020,0,both,1029522,MenA,2018,80,823617.6,0.31 (-0.02-0.69),0.31,0.02,0.69,255.321456,0.5,40.2415119980488,3.17236410019062
Africa,NER,Niger (the),AFR,2020,0,both,1029522,PCV3,2018,79,813322.38,5.8 (2.2-12),5.8,2.2,12,4717.269804,0.5,106.123994546096,22.2252744262798
Africa,NER,Niger (the),AFR,2020,0,both,1029522,RotaC,2018,89,916274.58,2.3 (1.2-3.7),2.3,1.2,3.7,2107.431534,0.5,84.4266780355139,12.4808388949848
Africa,NER,Niger (the),AFR,2020,0,both,1029522,YFV,2018,78,803027.16,0.36 (0.13-0.8),0.36,0.13,0.8,289.0897776,0.5,39.2354741980976,3.68403572925362
Africa,NGA,Nigeria,AFR,2020,0,both,7093940,HepB3,2018,58,4114485.2,0.41 (0.04-1.5),0.41,0.04,1.5,1686.938932,0.5,536.86658041402,1.57109698530599
Africa,NGA,Nigeria,AFR,2020,0,both,7093940,Hib3,2018,58,4114485.2,3.7 (1.6-5.7),3.7,1.6,5.7,15223.59524,0.5,536.86658041402,14.1781923064199
Africa,NGA,Nigeria,AFR,2020,0,both,7093940,MCV1,2018,63,4469182.2,15 (9.3-20),15,9.3,20,67037.733,0.5,218.361833359032,153.501488718901
Africa,NGA,Nigeria,AFR,2020,0,both,7093940,PCV3,2018,58,4114485.2,3.6 (1.7-6.3),3.6,1.7,6.3,14812.14672,0.5,536.86658041402,13.7949979197599
Africa,NGA,Nigeria,AFR,2020,0,both,7093940,YFV,2018,61,4327303.4,1.6 (0.44-4),1.6,0.44,4,6923.68544,0.5,211.429711665095,16.3734921300161
Africa,RWA,Rwanda,AFR,2020,0,both,403168,HepB3,2018,97,391072.96,0.07 (0-0.27),0.07,0,0.27,27.3751072,0.5,51.0280126241769,0.268236070661998
Africa,RWA,Rwanda,AFR,2020,0,both,403168,Hib3,2018,97,391072.96,3.7 (0.72-6.7),3.7,0.72,6.7,1446.969952,0.5,51.0280126241769,14.1781923064199
Africa,RWA,Rwanda,AFR,2020,12,female,156623,HPVfem,2018,94,147225.62,,,,,,0.5,13.5655515165759,
Africa,RWA,Rwanda,AFR,2020,0,both,403168,MCV1,2018,99,399136.32,13 (5.2-20),13,5.2,20,5188.77216,0.5,19.5015854568152,133.034623556381
Africa,RWA,Rwanda,AFR,2020,1,both,388018,MCV2,2018,96,372497.28,,,,,,0.5,18.2000163211186,
Africa,RWA,Rwanda,AFR,2020,0,both,403168,PCV3,2018,97,391072.96,3.2 (0.81-7),3.2,0.81,7,1251.433472,0.5,51.0280126241769,12.2622203731199
Africa,RWA,Rwanda,AFR,2020,0,both,403168,RCV1,2018,99,399136.32,,,,,,0.5,19.5015854568152,
Africa,RWA,Rwanda,AFR,2020,0,both,403168,RotaC,2018,98,395104.64,0.95 (0.5-1.6),0.95,0.5,1.6,375.349408,0.5,36.4054323449829,5.15512910879807
Africa,SDN,Sudan (the),EMR,2020,0,both,1320360,HepB3,2018,93,1227934.8,0.13 (0.01-0.44),0.13,0.01,0.44,159.631524,0.5,160.223484835326,0.498152702657995
Africa,SDN,Sudan (the),EMR,2020,0,both,1320360,Hib3,2018,93,1227934.8,3.5 (1.3-5.4),3.5,1.3,5.4,4297.7718,0.5,160.223484835326,13.4118035330999
Africa,SDN,Sudan (the),EMR,2020,0,both,1320360,MCV1,2018,88,1161916.8,9.1 (0.55-14),9.1,0.55,14,10573.44288,0.5,56.7706285634674,93.1242364894665
Africa,SDN,Sudan (the),EMR,2020,1,both,1292213,MCV2,2018,72,930393.36,,,,,,0.5,45.4585180784686,
Africa,SDN,Sudan (the),EMR,2020,0,both,1320360,MenA,2018,84,1109102.4,0.18 (0-0.52),0.18,0,0.52,199.638432,0.5,54.1901454469462,1.84201786462681
Africa,SDN,Sudan (the),EMR,2020,0,both,1320360,PCV3,2018,93,1227934.8,3.4 (1.6-5.9),3.4,1.6,5.9,4174.97832,0.5,160.223484835326,13.0286091464399
Africa,SDN,Sudan (the),EMR,2020,0,both,1320360,RotaC,2018,94,1241138.4,1.2 (0.65-1.5),1.2,0.65,1.5,1489.36608,0.5,114.360033969635,6.51174203216598
Africa,SEN,Senegal,AFR,2020,0,both,529637,HepB3,2018,82,434302.34,0.36 (0.01-1.5),0.36,0.01,1.5,156.3488424,0.5,56.6686719742259,1.37949979197599
Africa,SEN,Senegal,AFR,2020,0,both,529637,Hib3,2018,82,434302.34,3.2 (0.81-5.6),3.2,0.81,5.6,1389.767488,0.5,56.6686719742259,12.2622203731199
Africa,SEN,Senegal,AFR,2020,0,both,529637,MCV1,2018,82,434302.34,17 (0.05-23),17,0.05,23,7383.13978,0.5,21.2197782391861,173.968353881421
Africa,SEN,Senegal,AFR,2020,1,both,528233,MCV2,2018,63,332786.79,,,,,,0.5,16.2597831840616,
Africa,SEN,Senegal,AFR,2020,0,both,529637,PCV3,2018,81,429005.97,2.8 (0.78-6),2.8,0.78,6,1201.216716,0.5,55.9775906086865,10.7294428264799
Africa,SEN,Senegal,AFR,2020,0,both,529637,RCV1,2018,82,434302.34,,,,,,0.5,21.2197782391861,
Africa,SEN,Senegal,AFR,2020,0,both,529637,RotaC,2018,63,333671.31,0.88 (0.31-1.8),0.88,0.31,1.8,293.6307528,0.5,30.7448890037505,4.77527749025505
Africa,SEN,Senegal,AFR,2020,0,both,529637,YFV,2018,75,397227.75,8.6 (2.3-19),8.6,2.3,19,3416.15865,0.5,19.4083337553531,88.0075201988364
Africa,SLE,Sierra Leone,AFR,2020,0,both,241819,HepB3,2018,94,227309.86,0.4 (0.04-1.6),0.4,0.04,1.6,90.923944,0.5,29.659862972065,1.53277754663999
Africa,SLE,Sierra Leone,AFR,2020,0,both,241819,Hib3,2018,94,227309.86,4.1 (2.2-5.6),4.1,2.2,5.6,931.970426,0.5,29.659862972065,15.7109698530598
Africa,SLE,Sierra Leone,AFR,2020,0,both,241819,MCV1,2018,90,217637.1,23 (5.5-29),23,5.5,29,5005.6533,0.5,10.633631397472,235.368949368981
Africa,SLE,Sierra Leone,AFR,2020,1,both,236123,MCV2,2018,60,141673.8,,,,,,0.5,6.92210550443454,
Africa,SLE,Sierra Leone,AFR,2020,0,both,241819,PCV3,2018,94,227309.86,3.8 (2.2-5.9),3.8,2.2,5.9,863.777468,0.5,29.659862972065,14.5613866930799
Africa,SLE,Sierra Leone,AFR,2020,0,both,241819,RotaC,2018,96,232146.24,1.6 (1.3-2.1),1.6,1.3,2.1,371.433984,0.5,21.3902429352947,8.68232270955464
Africa,SLE,Sierra Leone,AFR,2020,0,both,241819,YFV,2018,90,217637.1,9.9 (3.4-21),9.9,3.4,21,2154.60729,0.5,10.633631397472,101.310982554475
Africa,SOM,Somalia,EMR,2020,0,both,615093,HepB3,2018,69,424414.17,0.16 (0.06-0.44),0.16,0.06,0.44,67.9062672,0.5,55.3784430011207,0.613111018655994
Africa,SOM,Somalia,EMR,2020,0,both,615093,Hib3,2018,69,424414.17,5.7 (3.2-7.3),5.7,3.2,7.3,2419.160769,0.5,55.3784430011207,21.8420800396198
Africa,SOM,Somalia,EMR,2020,0,both,615093,MCV1,2018,70,430565.1,23 (15-31),23,15,31,9902.9973,0.5,21.037178707195,235.368949368981
Africa,SSD,South Sudan,AFR,2020,0,both,356633,HepB3,2018,49,174750.17,0.13 (0.03-0.37),0.13,0.03,0.37,22.7175221,0.5,22.8017653811633,0.498152702657995
Africa,SSD,South Sudan,AFR,2020,0,both,356633,Hib3,2018,49,174750.17,5.6 (1.3-11),5.6,1.3,11,978.600952,0.5,22.8017653811633,21.4588856529598
Africa,SSD,South Sudan,AFR,2020,0,both,356633,MCV1,2018,49,174750.17,11 (0-29),11,0,29,1922.25187,0.5,8.53819911414723,112.567758393861
Africa,STP,Sao Tome and Principe,AFR,2020,0,both,6487,HepB3,2018,95,6162.65,0.26 (0.04-1.1),0.26,0.04,1.1,1.602289,0.5,0.804115380409792,0.996305405315991
Africa,STP,Sao Tome and Principe,AFR,2020,0,both,6487,Hib3,2018,95,6162.65,1.6 (1-2.1),1.6,1,2.1,9.86024,0.5,0.804115380409792,6.13111018655994
Africa,STP,Sao Tome and Principe,AFR,2020,0,both,6487,MCV1,2018,95,6162.65,10 (1.6-20),10,1.6,20,61.6265,0.5,0.301103757271306,102.334325812601
Africa,STP,Sao Tome and Principe,AFR,2020,1,both,6404,MCV2,2018,76,4867.04,,,,,,0.5,0.237800951017782,
Africa,STP,Sao Tome and Principe,AFR,2020,0,both,6487,PCV3,2018,95,6162.65,1.6 (1-2.3),1.6,1,2.3,9.86024,0.5,0.804115380409792,6.13111018655994
Africa,STP,Sao Tome and Principe,AFR,2020,0,both,6487,RCV1,2018,95,6162.65,,,,,,0.5,0.301103757271306,
Africa,STP,Sao Tome and Principe,AFR,2020,0,both,6487,RotaC,2018,95,6162.65,0.42 (0.26-0.57),0.42,0.26,0.57,2.588313,0.5,0.567834226499615,2.27910971125809
Africa,STP,Sao Tome and Principe,AFR,2020,0,both,6487,YFV,2018,95,6162.65,,,,,,0.5,0.301103757271306,
Africa,SWZ,Eswatini,AFR,2020,0,both,30035,HepB3,2018,87,26130.45,0.09 (0.07-0.1),0.09,0.07,0.1,2.3517405,0.5,3.40955542534933,0.344874947993997
Africa,SWZ,Eswatini,AFR,2020,0,both,30035,Hib3,2018,87,26130.45,2.1 (1.1-2.9),2.1,1.1,2.9,54.873945,0.5,3.40955542534933,8.04708211985992
Africa,SWZ,Eswatini,AFR,2020,0,both,30035,MCV1,2018,82,24628.7,2 (0.87-2.9),2,0.87,2.9,49.2574,0.5,1.20334500688954,20.4668651625201
Africa,SWZ,Eswatini,AFR,2020,1,both,29086,MCV2,2018,75,21814.5,,,,,,0.5,1.06584471177089,
Africa,SWZ,Eswatini,AFR,2020,0,both,30035,PCV3,2018,88,26430.8,2 (1.1-3.2),2,1.1,3.2,52.8616,0.5,3.44874571759473,7.66388773319993
Africa,SWZ,Eswatini,AFR,2020,0,both,30035,RCV1,2018,82,24628.7,,,,,,0.5,1.20334500688954,
Africa,SWZ,Eswatini,AFR,2020,0,both,30035,RotaC,2018,90,27031.5,0.63 (0.45-0.84),0.63,0.45,0.84,17.029845,0.5,2.49071598965126,3.41866456688714
Africa,SYC,Seychelles,AFR,2020,0,both,1567,HepB3,2018,99,1551.33,,,,,,0.5,0.202420762673707,
Africa,SYC,Seychelles,AFR,2020,0,both,1567,Hib3,2018,99,1551.33,,,,,,0.5,0.202420762673707,
Africa,SYC,Seychelles,AFR,2020,12,female,732,HPVfem,2018,97,710.04,,,,,,0.5,0.0654239676411587,
Africa,SYC,Seychelles,AFR,2020,0,both,1567,MCV1,2018,96,1504.32,,,,,,0.5,0.0735002643567898,
Africa,SYC,Seychelles,AFR,2020,1,both,1585,MCV2,2018,97,1537.45,,,,,,0.5,0.0751189782993954,
Africa,SYC,Seychelles,AFR,2020,0,both,1567,PCV3,2018,16,250.72,,,,,,0.5,0.0327144666947406,
Africa,SYC,Seychelles,AFR,2020,0,both,1567,RCV1,2018,96,1504.32,,,,,,0.5,0.0735002643567898,
Africa,SYC,Seychelles,AFR,2020,0,both,1567,RotaC,2018,99,1551.33,,,,,,0.5,0.142941473326515,
Africa,SYC,Seychelles,AFR,2020,0,both,1567,YFV,2018,99,1551.33,,,,,,0.5,0.0757971476179395,
Africa,TCD,Chad,AFR,2020,0,both,624162,HepB3,2018,77,480604.74,0.19 (0.05-0.54),0.19,0.05,0.54,91.3149006,0.5,62.7103053608187,0.728069334653993
Africa,TCD,Chad,AFR,2020,0,both,624162,Hib3,2018,77,480604.74,5.5 (2.5-8),5.5,2.5,8,2643.32607,0.5,62.7103053608187,21.0756912662998
Africa,TCD,Chad,AFR,2020,0,both,624162,MCV1,2018,70,436913.4,15 (8.9-20),15,8.9,20,6553.701,0.5,21.3473532233992,153.501488718901
Africa,TCD,Chad,AFR,2020,0,both,624162,MenA,2018,70,436913.4,0.22 (0-0.61),0.22,0,0.61,96.120948,0.5,21.3473532233992,2.25135516787721
Africa,TCD,Chad,AFR,2020,0,both,624162,YFV,2018,73,455638.26,0.32 (0.1-0.61),0.32,0.1,0.61,145.8042432,0.5,22.2622397901163,3.27469842600322
Africa,TGO,Togo,AFR,2020,0,both,253556,HepB3,2018,88,223129.28,0.33 (0.04-1.3),0.33,0.04,1.3,73.6326624,0.5,29.114372204776,1.26454147597799
Africa,TGO,Togo,AFR,2020,0,both,253556,Hib3,2018,88,223129.28,2 (1.4-2.4),2,1.4,2.4,446.25856,0.5,29.114372204776,7.66388773319993
Africa,TGO,Togo,AFR,2020,0,both,253556,MCV1,2018,85,215522.6,19 (4.1-38),19,4.1,38,4094.9294,0.5,10.5303180672082,194.435219043941
Africa,TGO,Togo,AFR,2020,0,both,253556,PCV3,2018,88,223129.28,2 (1.1-2.8),2,1.1,2.8,446.25856,0.5,29.114372204776,7.66388773319993
Africa,TGO,Togo,AFR,2020,0,both,253556,RCV1,2018,88,223129.28,,,,,,0.5,10.9019763519332,
Africa,TGO,Togo,AFR,2020,0,both,253556,RotaC,2018,89,225664.84,0.72 (0.4-1.2),0.72,0.4,1.2,162.4786848,0.5,20.7930386878306,3.90704521929959
Africa,TGO,Togo,AFR,2020,0,both,253556,YFV,2018,86,218058.16,2.8 (0.93-5.9),2.8,0.93,5.9,610.562848,0.5,10.6542041621166,28.6536112275282
Africa,TUN,Tunisia,EMR,2020,0,both,183034,HepB3,2018,97,177542.98,0.15 (0.01-0.61),0.15,0.01,0.61,26.631447,0.5,23.1661770345206,0.574791579989995
Africa,TUN,Tunisia,EMR,2020,0,both,183034,Hib3,2018,97,177542.98,0.28 (0.1-0.44),0.28,0.1,0.44,49.7120344,0.5,23.1661770345206,1.07294428264799
Africa,TUN,Tunisia,EMR,2020,0,both,183034,MCV1,2018,96,175712.64,0.95 (0.39-1.9),0.95,0.39,1.9,166.927008,0.5,8.58522487956648,9.72176095219705
Africa,TUN,Tunisia,EMR,2020,1,both,195618,MCV2,2018,99,193661.82,,,,,,0.5,9.4622121395827,
Africa,TUN,Tunisia,EMR,2020,0,both,183034,RCV1,2018,96,175712.64,,,,,,0.5,8.58522487956648,
Africa,TZA,United Republic of Tanzania,AFR,2020,0,both,2057239,HepB3,2018,98,2016094.22,0.15 (0-0.59),0.15,0,0.59,302.414133,0.5,263.064164062097,0.574791579989995
Africa,TZA,United Republic of Tanzania,AFR,2020,0,both,2057239,Hib3,2018,98,2016094.22,2.5 (0.97-3.9),2.5,0.97,3.9,5040.23555,0.5,263.064164062097,9.57985966649991
Africa,TZA,United Republic of Tanzania,AFR,2020,12,female,760120,HPVfem,2018,40,304048,,,,,,0.5,28.0153604210453,
Africa,TZA,United Republic of Tanzania,AFR,2020,0,both,2057239,MCV1,2018,99,2036666.61,11 (1.3-16),11,1.3,16,22403.33271,0.5,99.5104327813544,112.567758393861
Africa,TZA,United Republic of Tanzania,AFR,2020,1,both,1997822,MCV2,2018,84,1678170.48,,,,,,0.5,81.9945051024788,
Africa,TZA,United Republic of Tanzania,AFR,2020,0,both,2057239,PCV3,2018,98,2016094.22,2.3 (1-4.2),2.3,1,4.2,4637.016706,0.5,263.064164062097,8.81347089317992
Africa,TZA,United Republic of Tanzania,AFR,2020,0,both,2057239,RCV1,2018,99,2036666.61,,,,,,0.5,99.5104327813544,
Africa,TZA,United Republic of Tanzania,AFR,2020,0,both,2057239,RotaC,2018,98,2016094.22,0.83 (0.46-1.3),0.83,0.46,1.3,1673.3582026,0.5,185.765425906719,4.50395490558147
Africa,UGA,Uganda,AFR,2020,0,both,1609617,HepB3,2018,79,1271597.43,0.14 (0.02-0.45),0.14,0.02,0.45,178.0236402,0.5,165.920675545839,0.536472141323995
Africa,UGA,Uganda,AFR,2020,0,both,1609617,Hib3,2018,79,1271597.43,2.4 (0.97-3.6),2.4,0.97,3.6,3051.833832,0.5,165.920675545839,9.19666527983991
Africa,UGA,Uganda,AFR,2020,12,female,614786,HPVfem,2018,47,288949.42,,,,,,0.5,26.6241585037626,
Africa,UGA,Uganda,AFR,2020,0,both,1609617,MCV1,2018,80,1287693.6,9.6 (4.2-16),9.6,4.2,16,12361.85856,0.5,62.9160152165406,98.2409527800965
Africa,UGA,Uganda,AFR,2020,0,both,1609617,PCV3,2018,64,1030154.88,2.3 (1.1-3.9),2.3,1.1,3.9,2369.356224,0.5,134.416749809287,8.81347089317992
Africa,UGA,Uganda,AFR,2020,0,both,1609617,RotaC,2018,36,579462.12,0.65 (0.44-0.83),0.65,0.44,0.83,376.650378,0.5,53.3923595686964,3.52719360075657
Africa,ZAF,South Africa,AFR,2020,0,both,1126162,HepB3,2018,82,923452.84,,,,,,0.5,120.494045861294,
Africa,ZAF,South Africa,AFR,2020,0,both,1126162,Hib3,2018,82,923452.84,,,,,,0.5,120.494045861294,
Africa,ZAF,South Africa,AFR,2020,9,female,568075,HPVfem,2018,56,318122,,,,,,0.5,29.3121562643523,
Africa,ZAF,South Africa,AFR,2020,0,both,1126162,MCV1,2018,81,912191.22,,,,,,0.5,44.5691713292003,
Africa,ZAF,South Africa,AFR,2020,1,both,1143695,MCV2,2018,75,857771.25,,,,,,0.5,41.910240927897,
Africa,ZAF,South Africa,AFR,2020,0,both,1126162,PCV3,2018,83,934714.46,,,,,,0.5,121.963485444968,
Africa,ZAF,South Africa,AFR,2020,0,both,1126162,RotaC,2018,80,900929.6,,,,,,0.5,83.0127725161428,
Africa,ZMB,Zambia,AFR,2020,0,both,603438,HepB3,2018,90,543094.2,0.11 (0-0.37),0.11,0,0.37,59.740362,0.5,70.8640599792868,0.421513825325996
Africa,ZMB,Zambia,AFR,2020,0,both,603438,Hib3,2018,90,543094.2,2.4 (1-3.6),2.4,1,3.6,1303.42608,0.5,70.8640599792868,9.19666527983991
Africa,ZMB,Zambia,AFR,2020,0,both,603438,MCV1,2018,94,567231.72,15 (6.5-23),15,6.5,23,8508.4758,0.5,27.7146360957486,153.501488718901
Africa,ZMB,Zambia,AFR,2020,1,both,597195,MCV2,2018,65,388176.75,,,,,,0.5,18.9661067739308,
Africa,ZMB,Zambia,AFR,2020,0,both,603438,PCV3,2018,90,543094.2,2.3 (1.1-3.9),2.3,1.1,3.9,1249.11666,0.5,70.8640599792868,8.81347089317992
Africa,ZMB,Zambia,AFR,2020,0,both,603438,RCV1,2018,94,567231.72,,,,,,0.5,27.7146360957486,
Africa,ZMB,Zambia,AFR,2020,0,both,603438,RotaC,2018,91,549128.58,0.86 (0.54-1.2),0.86,0.54,1.2,472.2505788,0.5,50.597389511514,4.66674845638562
Africa,ZWE,Zimbabwe,AFR,2020,0,both,377299,HepB3,2018,89,335796.11,0.22 (0.02-0.84),0.22,0.02,0.84,73.8751442,0.5,43.8153743491483,0.843027650651992
Africa,ZWE,Zimbabwe,AFR,2020,0,both,377299,Hib3,2018,89,335796.11,1.7 (1.3-2.4),1.7,1.3,2.4,570.853387,0.5,43.8153743491483,6.51430457321994
Africa,ZWE,Zimbabwe,AFR,2020,0,both,377299,MCV1,2018,88,332023.12,22 (7.9-30),22,7.9,30,7304.50864,0.5,16.2224706794872,225.135516787721
Africa,ZWE,Zimbabwe,AFR,2020,1,both,405229,MCV2,2018,78,316078.62,,,,,,0.5,15.4434310037288,
Africa,ZWE,Zimbabwe,AFR,2020,0,both,377299,PCV3,2018,89,335796.11,1.8 (0.82-3.1),1.8,0.82,3.1,604.432998,0.5,43.8153743491483,6.89749895987994
Africa,ZWE,Zimbabwe,AFR,2020,0,both,377299,RCV1,2018,88,332023.12,,,,,,0.5,16.2224706794872,
Africa,ZWE,Zimbabwe,AFR,2020,0,both,377299,RotaC,2018,90,339569.1,0.72 (0.31-1.2),0.72,0.31,1.2,244.489752,0.5,31.2883187008301,3.90704521929959
